{
  "test_accuracy": 0.829940140247345,
  "test_loss": 1.4226202964782715,
  "classification_report": {
    "Bacterial Leaf Blight": {
      "precision": 0.851063829787234,
      "recall": 0.9195402298850575,
      "f1-score": 0.8839779005524862,
      "support": 87.0
    },
    "Healthy _leaf": {
      "precision": 0.7251461988304093,
      "recall": 0.9649805447470817,
      "f1-score": 0.8280467445742905,
      "support": 257.0
    },
    "Rice": {
      "precision": 0.9897435897435898,
      "recall": 0.9897435897435898,
      "f1-score": 0.9897435897435898,
      "support": 195.0
    },
    "Rice Blast": {
      "precision": 0.9318181818181818,
      "recall": 0.8324873096446701,
      "f1-score": 0.8793565683646113,
      "support": 197.0
    },
    "Tungro": {
      "precision": 0.2857142857142857,
      "recall": 0.08080808080808081,
      "f1-score": 0.12598425196850394,
      "support": 99.0
    },
    "accuracy": 0.829940119760479,
    "macro avg": {
      "precision": 0.7566972171787401,
      "recall": 0.757511950965696,
      "f1-score": 0.7414218110406964,
      "support": 835.0
    },
    "weighted avg": {
      "precision": 0.7967173920895817,
      "recall": 0.829940119760479,
      "f1-score": 0.8005027252890651,
      "support": 835.0
    }
  },
  "confusion_matrix": [
    [
      80,
      5,
      0,
      2,
      0
    ],
    [
      2,
      248,
      0,
      6,
      1
    ],
    [
      0,
      0,
      193,
      2,
      0
    ],
    [
      10,
      2,
      2,
      164,
      19
    ],
    [
      2,
      87,
      0,
      2,
      8
    ]
  ]
}